{"r2_train": 0.6910324529292196, "r2_test": 0.47828543655374534}